URL,AllMessagesFlag
# https://t.me/V2ray20261,true
https://t.me/iranconnecting,true
https://t.me/farah_vpn,true
https://t.me/config2ray,true
https://t.me/vpns,true
https://t.me/configfree11,true
https://t.me/config_proxy,true
https://t.me/meliproxy,true
https://t.me/ConfigsHub2,true
https://t.me/customv2ray,true
https://t.me/shankamil,true
https://t.me/npv_tunnelorg,true
https://t.me/Proxy_sh,true
https://t.me/raawqq,true
https://t.me/v2ray_dalghak,true
https://t.me/saministamm,true
https://t.me/prprofile_purple,true
https://t.me/Diamond_bf,true
https://t.me/npv_tunnelorg,true
